{
  "Random Forest (Enhanced)": {
    "accuracy": 0.8086862533163015,
    "precision": 0.21536303051560857,
    "recall": 0.27036547776309994,
    "f1": 0.2397500976181179,
    "roc_auc": 0.6566321112445614,
    "cv_score": 0.6371450670283566
  },
  "Gradient Boosting": {
    "accuracy": 0.8882283580622974,
    "precision": 0.45454545454545453,
    "recall": 0.008806693086745927,
    "f1": 0.017278617710583154,
    "roc_auc": 0.6815396435239794,
    "cv_score": 0.6550874331000379
  }
}