{
  "Logistic Regression": {
    "accuracy": 0.6442468310897121,
    "precision": 0.1676918962289382,
    "recall": 0.5521796565389696,
    "f1": 0.2572571545799569,
    "roc_auc": 0.6515177227332267,
    "cv_score": 0.6454760717763075
  },
  "Random Forest": {
    "accuracy": 0.6794241918050506,
    "precision": 0.18479549496147007,
    "recall": 0.5490973139586085,
    "f1": 0.2765273311897106,
    "roc_auc": 0.6724868860849648,
    "cv_score": 0.6592565149564941
  }
}